{
    "name": "Quantum Mechanic Drill",
    "description": "Stronk Drill.",
    "type": "Drill",
    "size": 2,
    "liquidCapacity": 300,
    "tier": 3,
    "drillTime": 135,
    "conductivePower": false,
    "consumes": {
      "liquid": {
        "liquid": "water",
        "amount": 0.07,
        "optional": true,
        "booster": true
      }
    },
    "requirements": [
      {
        "item": "copper",
        "amount": 100
      },
      {
        "item": "lead",
        "amount":75
      },
      {
        "item":"graphite",
        "amount": 50
      }
    ],
    "category": "production",
    "research": "mechanical-drill"
  }