{
    "type": "Drill",
    "name": "Thorium Drill",
  "description": "Faster than a Titanium Drill.",
    "category": "production",
    "health": 300, 
    "drillTime": 90,
    "displayedSpeed": 22,
    "size": 4,
    "tier": 5,
    "consumes":{
      "liquid":{
        "liquid": "water",
          "amount": 0.07,
          "optional": true,
          "booster": true
      }
    },
    "requirements": [
        {"item": "copper", "amount": 100},
        {"item": "lead", "amount": 100},
        {"item": "titanium", "amount": 50},
        {"item": "thorium", "amount": 100}
    ],
    "research": "titanium-conveyor"
  }
