{
    "type": "ItemBridge",
    "name": "Powered Thorium Bridge",
  "description": "Stronger, faster and longer reach than the standard Bridge Conveyor.",
    "category": "distribution",
    "health": 300,
    "range": 18,
    "hasPower": false,
    "bufferCapacity": 10,
    "conductivePower": true,
    "consumes": {
        "power": 3
          },
    "requirements": [
        {"item": "silicon", "amount": 10},
        {"item": "titanium", "amount": 10},
        {"item": "thorium", "amount": 15}
    ],
    "research": "thorium-junction"
  }